industry,stream,status,activities
banking,acquire_to_retire,backbone,7
banking,apply_to_disburse,corpus_calibrated,7
banking,budget_to_forecast,backbone,6
banking,change_to_deploy,corpus_calibrated,8
banking,contract_to_renewal,backbone,7
banking,data_to_insight,backbone,6
banking,hire_to_retire,backbone,9
banking,idea_to_market,corpus_calibrated,8
banking,incident_to_resolution,corpus_calibrated,10
banking,initiate_to_settle,overlay,7
banking,issue_to_resolution,backbone,7
banking,lead_to_order,backbone,9
banking,onboard_to_monitor,overlay,6
banking,order_to_cash,corpus_calibrated,13
banking,plan_to_produce,backbone,7
banking,procure_to_pay,corpus_calibrated,13
banking,record_to_report,backbone,10
banking,request_to_fulfil,backbone,5
banking,risk_to_compliance,backbone,8
consumer_products,acquire_to_retire,backbone,7
consumer_products,budget_to_forecast,backbone,6
consumer_products,change_to_deploy,corpus_calibrated,8
consumer_products,contract_to_renewal,backbone,7
consumer_products,data_to_insight,backbone,6
consumer_products,hire_to_retire,backbone,9
consumer_products,idea_to_market,corpus_calibrated,8
consumer_products,incident_to_resolution,corpus_calibrated,10
consumer_products,issue_to_resolution,backbone,7
consumer_products,lead_to_order,backbone,9
consumer_products,order_to_cash,corpus_calibrated,13
consumer_products,plan_to_produce,backbone,7
consumer_products,procure_to_pay,corpus_calibrated,13
consumer_products,record_to_report,backbone,10
consumer_products,request_to_fulfil,backbone,5
consumer_products,risk_to_compliance,backbone,8
healthcare,acquire_to_retire,backbone,7
healthcare,admit_to_discharge,overlay,6
healthcare,budget_to_forecast,backbone,6
healthcare,change_to_deploy,corpus_calibrated,8
healthcare,contract_to_renewal,backbone,7
healthcare,data_to_insight,backbone,6
healthcare,hire_to_retire,backbone,9
healthcare,idea_to_market,corpus_calibrated,8
healthcare,incident_to_rca,overlay,5
healthcare,incident_to_resolution,corpus_calibrated,10
healthcare,issue_to_resolution,backbone,7
healthcare,lead_to_order,backbone,9
healthcare,order_to_cash,corpus_calibrated,13
healthcare,plan_to_produce,backbone,7
healthcare,procure_to_pay,corpus_calibrated,13
healthcare,record_to_report,backbone,10
healthcare,request_to_fulfil,backbone,5
healthcare,risk_to_compliance,backbone,8
insurance,acquire_to_retire,backbone,7
insurance,budget_to_forecast,backbone,6
insurance,change_to_deploy,corpus_calibrated,8
insurance,claim_to_settle,overlay,7
insurance,contract_to_renewal,backbone,7
insurance,data_to_insight,backbone,6
insurance,hire_to_retire,backbone,9
insurance,idea_to_market,corpus_calibrated,8
insurance,incident_to_resolution,corpus_calibrated,10
insurance,issue_to_resolution,backbone,7
insurance,lead_to_order,backbone,9
insurance,order_to_cash,corpus_calibrated,13
insurance,plan_to_produce,backbone,7
insurance,procure_to_pay,corpus_calibrated,13
insurance,quote_to_bind,overlay,6
insurance,record_to_report,backbone,10
insurance,request_to_fulfil,backbone,5
insurance,reserve_to_report,overlay,5
insurance,risk_to_compliance,backbone,8
life_sciences,acquire_to_retire,backbone,7
life_sciences,budget_to_forecast,backbone,6
life_sciences,change_to_deploy,corpus_calibrated,8
life_sciences,contract_to_renewal,backbone,7
life_sciences,data_to_insight,backbone,6
life_sciences,hire_to_retire,backbone,9
life_sciences,idea_to_market,corpus_calibrated,8
life_sciences,incident_to_resolution,corpus_calibrated,10
life_sciences,issue_to_resolution,backbone,7
life_sciences,lead_to_order,backbone,9
life_sciences,order_to_cash,corpus_calibrated,13
life_sciences,plan_to_produce,backbone,7
life_sciences,procure_to_pay,corpus_calibrated,13
life_sciences,record_to_report,backbone,10
life_sciences,request_to_fulfil,backbone,5
life_sciences,risk_to_compliance,backbone,8
logistics,acquire_to_retire,backbone,7
logistics,book_to_deliver,overlay,6
logistics,budget_to_forecast,backbone,6
logistics,change_to_deploy,corpus_calibrated,8
logistics,contract_to_renewal,backbone,7
logistics,data_to_insight,backbone,6
logistics,declare_to_clear,overlay,5
logistics,hire_to_retire,backbone,9
logistics,idea_to_market,corpus_calibrated,8
logistics,incident_to_resolution,corpus_calibrated,10
logistics,issue_to_resolution,backbone,7
logistics,lead_to_order,backbone,9
logistics,order_to_cash,corpus_calibrated,13
logistics,plan_to_produce,backbone,7
logistics,procure_to_pay,corpus_calibrated,13
logistics,record_to_report,backbone,10
logistics,request_to_fulfil,backbone,5
logistics,risk_to_compliance,backbone,8
manufacturing,acquire_to_retire,backbone,7
manufacturing,budget_to_forecast,backbone,6
manufacturing,change_to_deploy,corpus_calibrated,8
manufacturing,contract_to_renewal,backbone,7
manufacturing,data_to_insight,backbone,6
manufacturing,hire_to_retire,backbone,9
manufacturing,idea_to_market,corpus_calibrated,8
manufacturing,incident_to_resolution,corpus_calibrated,10
manufacturing,issue_to_resolution,backbone,7
manufacturing,lead_to_order,backbone,9
manufacturing,ncr_to_close,overlay,5
manufacturing,order_to_cash,corpus_calibrated,13
manufacturing,plan_to_produce,backbone,7
manufacturing,procure_to_pay,corpus_calibrated,13
manufacturing,record_to_report,backbone,10
manufacturing,request_to_fulfil,backbone,5
manufacturing,risk_to_compliance,backbone,8
public_sector,acquire_to_retire,backbone,7
public_sector,apply_to_grant,overlay,5
public_sector,budget_to_forecast,backbone,6
public_sector,change_to_deploy,corpus_calibrated,8
public_sector,contract_to_renewal,backbone,7
public_sector,data_to_insight,backbone,6
public_sector,draft_to_decision,overlay,5
public_sector,hire_to_retire,backbone,9
public_sector,idea_to_market,corpus_calibrated,8
public_sector,incident_to_resolution,corpus_calibrated,10
public_sector,issue_to_resolution,backbone,7
public_sector,lead_to_order,backbone,9
public_sector,order_to_cash,corpus_calibrated,13
public_sector,plan_to_produce,backbone,7
public_sector,procure_to_pay,corpus_calibrated,13
public_sector,record_to_report,backbone,10
public_sector,request_to_fulfil,backbone,5
public_sector,risk_to_compliance,backbone,8
public_sector,tender_to_award,overlay,5
retail,acquire_to_retire,backbone,7
retail,budget_to_forecast,backbone,6
retail,change_to_deploy,corpus_calibrated,8
retail,contract_to_renewal,backbone,7
retail,data_to_insight,backbone,6
retail,forecast_to_replenish,overlay,7
retail,hire_to_retire,backbone,9
retail,idea_to_market,corpus_calibrated,8
retail,incident_to_resolution,corpus_calibrated,10
retail,issue_to_resolution,backbone,7
retail,lead_to_order,backbone,9
retail,order_to_cash,corpus_calibrated,13
retail,plan_to_produce,backbone,7
retail,procure_to_pay,corpus_calibrated,13
retail,promo_to_evaluate,overlay,6
retail,record_to_report,backbone,10
retail,request_to_fulfil,backbone,5
retail,risk_to_compliance,backbone,8
technology_saas,acquire_to_retire,backbone,7
technology_saas,alert_to_postmortem,corpus_calibrated,7
technology_saas,budget_to_forecast,backbone,6
technology_saas,change_to_deploy,corpus_calibrated,8
technology_saas,contract_to_renewal,backbone,7
technology_saas,data_to_insight,backbone,6
technology_saas,health_to_renewal,overlay,6
technology_saas,hire_to_retire,backbone,9
technology_saas,idea_to_market,corpus_calibrated,8
technology_saas,incident_to_resolution,corpus_calibrated,10
technology_saas,issue_to_resolution,backbone,7
technology_saas,lead_to_order,backbone,9
technology_saas,order_to_cash,corpus_calibrated,13
technology_saas,plan_to_produce,backbone,7
technology_saas,procure_to_pay,corpus_calibrated,13
technology_saas,record_to_report,backbone,10
technology_saas,request_to_fulfil,backbone,5
technology_saas,risk_to_compliance,backbone,8
telecom,acquire_to_retire,backbone,7
telecom,alarm_to_restore,corpus_calibrated,6
telecom,budget_to_forecast,backbone,6
telecom,change_to_deploy,corpus_calibrated,8
telecom,contract_to_renewal,backbone,7
telecom,data_to_insight,backbone,6
telecom,hire_to_retire,backbone,9
telecom,idea_to_market,corpus_calibrated,8
telecom,incident_to_resolution,corpus_calibrated,10
telecom,issue_to_resolution,backbone,7
telecom,lead_to_order,backbone,9
telecom,order_to_activate,overlay,6
telecom,order_to_cash,corpus_calibrated,13
telecom,plan_to_produce,backbone,7
telecom,procure_to_pay,corpus_calibrated,13
telecom,record_to_report,backbone,10
telecom,request_to_fulfil,backbone,5
telecom,risk_to_compliance,backbone,8
telecom,usage_to_bill,overlay,6
utilities,acquire_to_retire,backbone,7
utilities,budget_to_forecast,backbone,6
utilities,change_to_deploy,corpus_calibrated,8
utilities,contract_to_renewal,backbone,7
utilities,data_to_insight,backbone,6
utilities,fault_to_restore,overlay,7
utilities,hire_to_retire,backbone,9
utilities,idea_to_market,corpus_calibrated,8
utilities,incident_to_resolution,corpus_calibrated,10
utilities,inspect_to_maintain,overlay,5
utilities,issue_to_resolution,backbone,7
utilities,lead_to_order,backbone,9
utilities,order_to_cash,corpus_calibrated,13
utilities,plan_to_produce,backbone,7
utilities,procure_to_pay,corpus_calibrated,13
utilities,record_to_report,backbone,10
utilities,request_to_fulfil,backbone,5
utilities,risk_to_compliance,backbone,8
